,Exploration,Stat,pfam,Annotation,Group,Function
1,SD,0.545915253,PF03067,"Lytic polysaccharide mono-oxygenase, cellulose-degrading",Decomposition,Cellulase
2,MD-Fringe,0.591922723,PF06964,Alpha-L-arabinofuranosidase C-terminal domain,Decomposition,Xylanase
3,SD,0.719229926,PF01083,Cutinase,Decomposition,Xylanase/Pectinase
4,SD,0.558288225,PF07519,Tannase and feruloyl esterase,Decomposition,Xylanase
5,SD,0.464408321,PF03211,Pectate lyase,Decomposition,Pectinase
6,SD,0.523093999,PF09284,"Rhamnogalacturonan lyase B, N-terminal",Decomposition,Pectinase
7,C,0.480608752,PF05592,Bacterial alpha-L-rhamnosidase concanavalin-like domain,Decomposition,Xylanase
8,C,0.568518574,PF02806,"Alpha amylase, C-terminal all-beta domain",Decomposition,Amylase
9,MD-Smooth,0.508620868,PF00128,"Alpha amylase, catalytic domain",Decomposition,Amylase
10,MD-Fringe,0.543473479,PF00199,Catalase,Decomposition,Catalse
11,MD-Smooth,0.542710292,PF07250,Glyoxal oxidase N-terminus,Decomposition,Oxidase
12,LD,0.523465141,PF07732,Multicopper oxidase,Decomposition,Multicopper oxidase
13,MD-Fringe,0.648794753,PF01328,"Peroxidase, family 2",Decomposition,Peroxidase
14,MD-Fringe,0.57274688,PF00141,Peroxidase,Decomposition,Peroxidase
15,MD-Fringe,0.575225041,PF02902,"Ulp1 protease family, C-terminal catalytic domain",Nitrogen cycling,Protease
16,MD-Smooth,0.514736252,PF02617,ATP-dependent Clp protease adaptor protein ClpS,Nitrogen cycling,Protease
17,SD,0.474742709,PF02338,OTU-like cysteine protease,Nitrogen cycling,Protease
18,SD,0.555850178,PF02127,Aminopeptidase I zinc metalloprotease (M18),Nitrogen cycling,Aminopeptidase
19,SD,0.590338476,PF02102,Deuterolysin metalloprotease (M35) family,Nitrogen cycling,Protease
20,MD-Smooth,0.612265517,PF01421,Reprolysin (M12B) family zinc metalloprotease,Nitrogen cycling,Protease
21,MD-Smooth,0.620759904,PF00648,Calpain family cysteine protease,Nitrogen cycling,Protease
22,SD,0.502886856,PF00574,Clp protease,Nitrogen cycling,Protease
23,MD-Smooth,0.79300587,PF00112,Papain family cysteine protease,Nitrogen cycling,Protease
24,C,0.590799903,PF13688,Metallo-peptidase family M12,Nitrogen cycling,Protease
25,C,0.554272275,PF10502,"Signal peptidase, peptidase S26",Nitrogen cycling,Peptidase
26,SD,0.505373781,PF06645,Microsomal signal peptidase 12 kDa subunit (SPC12),Nitrogen cycling,Peptidase
27,SD,0.526395231,PF05903,PPPDE putative peptidase domain,Nitrogen cycling,Peptidase
28,LD,0.560836913,PF05577,Serine carboxypeptidase S28,Nitrogen cycling,Peptidase
29,SD,0.447213595,PF05547,"Immune inhibitor A peptidase M6, catalytic domain",Nitrogen cycling,Peptidase
30,SD,0.536354407,PF05195,"Aminopeptidase P, N-terminal domain",Nitrogen cycling,Aminopeptidase
31,SD,0.524801718,PF04258,Signal peptide peptidase,Nitrogen cycling,Peptidase
32,MD-Smooth,0.540759131,PF02789,"Cytosol aminopeptidase family, N-terminal domain",Nitrogen cycling,Aminopeptidase
33,MD-Smooth,0.549984719,PF02517,Type II CAAX prenyl endopeptidase Rce1-like,Nitrogen cycling,Endopeptidase
34,LD,0.687800673,PF01470,Pyroglutamyl peptidase,Nitrogen cycling,Peptidase
35,SD,0.431490811,PF01447,"Thermolysin metallopeptidase, catalytic domain",Nitrogen cycling,Peptidase
36,SD,0.447213595,PF01427,D-ala-D-ala dipeptidase,Nitrogen cycling,Peptidase
37,MD-Smooth,0.624908162,PF00883,"Cytosol aminopeptidase family, catalytic domain",Nitrogen cycling,Aminopeptidase
38,MD-Fringe,0.469654646,PF00557,Metallopeptidase family M24,Nitrogen cycling,Peptidase
39,LD,0.501945473,PF00326,Prolyl oligopeptidase family,Nitrogen cycling,Peptidase
40,C,0.568761802,PF00246,Zinc carboxypeptidase,Nitrogen cycling,Peptidase
41,LD,0.495659392,PF01490,Transmembrane amino acid transporter protein,Nitrogen cycling,AA transporter
42,MD-Fringe,0.573565598,PF00221,Aromatic amino acid lyase,Nitrogen cycling,AA lyase
43,MD-Fringe,0.594476474,PF11895,Fungal peroxidase extension region,Nitrogen cycling,Peroxidase
44,MD-Fringe,0.600083999,PF03098,Animal haem peroxidase,Nitrogen cycling,Peroxidase
45,SD,0.522147642,PF00255,Glutathione peroxidase,Nitrogen cycling,Peroxidase
46,C,0.584629199,PF14880,Cytochrome oxidase c assembly,Nitrogen cycling,Oxidase
47,LD,0.510724599,PF14749,Acyl-coenzyme A oxidase N-terminal,Nitrogen cycling,Oxidase
48,SD,0.486836321,PF13883,Pyridoxamine 5'-phosphate oxidase,Nitrogen cycling,Oxidase
49,C,0.701768511,PF13418,"Galactose oxidase, central domain",Nitrogen cycling,Oxidase
50,MD-Smooth,0.544891527,PF09118,"Galactose oxidase-like, Early set domain",Nitrogen cycling,Oxidase
51,LD,0.523465141,PF07732,Multicopper oxidase,Nitrogen cycling,Multicopper oxidase
52,MD-Smooth,0.542710292,PF07250,Glyoxal oxidase N-terminus,Nitrogen cycling,Oxidase
53,MD-Smooth,0.564624498,PF02935,Cytochrome c oxidase subunit VIIc,Nitrogen cycling,Oxidase
54,SD,0.503370691,PF02913,"FAD linked oxidases, C-terminal domain",Nitrogen cycling,Oxidase
55,MD-Smooth,0.524934257,PF02728,"Copper amine oxidase, N3 domain",Nitrogen cycling,Oxidase
56,SD,0.61654255,PF02727,"Copper amine oxidase, N2 domain",Nitrogen cycling,Oxidase
57,MD-Smooth,0.523398186,PF02284,Cytochrome c oxidase subunit Va,Nitrogen cycling,Oxidase
58,LD,0.588867921,PF01756,Acyl-CoA oxidase,Nitrogen cycling,Oxidase
59,MD-Fringe,0.648794753,PF01328,"Peroxidase, family 2",Nitrogen cycling,Peroxidase
60,SD,0.585734233,PF01315,"Aldehyde oxidase and xanthine dehydrogenase, a/b hammerhead domain",Nitrogen cycling,Oxidase
61,MD-Fringe,0.534906315,PF01179,"Copper amine oxidase, enzyme domain",Nitrogen cycling,Oxidase
62,MD-Smooth,0.498137901,PF00432,Prenyltransferase and squalene oxidase repeat,Nitrogen cycling,Oxidase
63,MD-Fringe,0.57274688,PF00141,Peroxidase,Nitrogen cycling,Peroxidase
64,SD,0.515827003,PF00116,"Cytochrome C oxidase subunit II, periplasmic domain",Nitrogen cycling,Oxidase
65,MD-Fringe,0.536445294,PF00909,Ammonium Transporter Family,Nitrogen cycling,Ammonium transporter
66,SD,0.48330807,PF01077,Nitrite and sulphite reductase 4Fe-4S domain,Nitrogen cycling,Nitrite reductase