TaxonID,Name,Assembly Length,# Genes,Published,Genus,Exploration_type
Acema1,Acephala macrosclerotiorum EW76-UTF0540 v1.0,73683338,21024,"Miyauchi S et al., 2020",Acephala,SD
Amapyr1,Amanita aff. conicoverrucosa KIS12 v1.0,73090178,10566,,Amanita,MD-Smooth
Amamu1,Amanita muscaria Koide v1.0,40699759,18153,"Kohler A et al., 2015",Amanita,MD-Smooth
Amaapr1,Amanita muscaria var. formosa 2016PMI152 v1.0,110261529,15793,,Amanita,MD-Smooth
Amarub1,Amanita rubescens P_ilba v1.0,76593165,16076,"Miyauchi S et al., 2020",Amanita,MD-Smooth
Bolcoc1,Boletus coccyginus 2016PMI039 v1.0,54939811,12353,,Boletus,LD
Boled5,Boletus edulis BED1 v4.0,66525535,18722,"Miyauchi S et al., 2020",Boletus,LD
Boledp1,Boletus edulis P_ilba v1.0,69185680,18123,"Miyauchi S et al., 2020",Boletus,LD
Butyri1,Butyriboletus roseoflavus v1.0,33976981,12051,"Wu G et al., 2022",Butyriboletus,NA
Cananz1,Cantharellus anzutake C23 v1.0,120173979,16968,"Miyauchi S et al., 2020",Cantharellus,MD-Smooth
Cenge3,Cenococcum geophilum 1.58 v2.0,177557160,14748,"Peter M et al., 2016",Cenococcum,SD
Cersp379_1,Ceratobasidium sp. 379 v1.0,83869204,17852,,Ceratobasidium,C
Cersp394_1,Ceratobasidium sp. 394 v1.0,84469429,17873,,Ceratobasidium,C
Cersp395_1,Ceratobasidium sp. 395 v1.0,85352376,18780,,Ceratobasidium,C
Cersp423_1,Ceratobasidium sp. 423 v1.0,131591190,25503,,Ceratobasidium,C
CerAGI,Ceratobasidium sp. anastomosis group I; DN8442 v1.0,58444101,18060,"Miyauchi S et al., 2020",Ceratobasidium,C
Chapip1,Chalciporus piperatus 201810 CP v1.0,46257842,13336,,Chalciporus,NA
Chove1,Choiromyces venosus 120613-1 v1.0,126035033,17986,"Murat C et al., 2018",Choiromyces,C
Corab1,Cortinarius abnormis TAS10R v1.0,190430036,17498,,Cortinarius,MD-Fringe
Corcam1,Cortinarius aff. campbellae TAS5-PSC4363 v1.0,76968950,17407,,Cortinarius,MD-Fringe
Corarc1,Cortinarius archeri SA1 v1.0,87732974,15180,,Cortinarius,MD-Fringe
Coraus1,Cortinarius austrovenetus TL2843-KIS7R v1.0,62325647,14941,,Cortinarius,MD-Fringe
Corsan2,Cortinarius saniosus 2018PMI107 v2.0,210564141,26370,,Cortinarius,MD-Fringe
CorKIS3_1,Cortinarius sp. KIS3-TL2766 v1.0,50107275,11569,,Cortinarius,MD-Fringe
Daral1,Darksidea alpha DSE7016 v1.0,71864992,16839,,Darksidea,NA
Elagr1,Elaphomyces granulatus OSC145934,54153615,7178,"Quandt CA et al., 2015",Elaphomyces,SD
Gaumor1_1,Gautieria morchelliformis GMNE.BST v1.0,122807766,20331,"Miyauchi S et al., 2020",Gautieria,MD-Mat
Geocar1,Geopyxis carbonaria CBS 144460 v1.0,49454325,11663,"Steindorff AS et al., 2022",Geopyxis,NA
Gigmar1,Gigaspora margarita BEG34,773098546,29544,"Venice F et al., 2020",Gigaspora,NA
Gigro1,Gigaspora rosea v1.0,567950182,31291,"Morin E et al., 2019",Gigaspora,NA
Gyrli1,Gyrodon lividus BX v1.0,43048674,11779,"Miyauchi S et al., 2020",Gyrodon,LD
Hebvel2,Hebeloma brunneifolium PMI1Jessy v2.0,65279695,20438,,Hebeloma,SD
Hebcy2,Hebeloma cylindrosporum h7 v2.0,38226047,15382,"Kohler A et al., 2015",Hebeloma,SD
Hyafin1,Hyaloscypha finlandica PMI_746 v1.0,64032857,17321,,Hyaloscypha,NA
Hydru2,Hydnum rufescens UP504 v2.0,67135451,18665,"Miyauchi S et al., 2020",Hydnum,MD-Fringe
Hyssto1,Hysterangium stoloniferum HS.BST v1.0,111842964,15017,"Miyauchi S et al., 2020",Hysterangium,MD-Mat
Inolan1,Inosperma lanatodiscum 2018PMI007 v1.0,123813904,23215,,Inosperma,NA
Kalpfe1,Kalaharituber pfeilii F3 v1.0,78991937,15190,"Miyauchi S et al., 2020",Kalaharituber,NA
Kalbru1,Kalapuya brunnea GMNB372 v1.0,189316756,11095,,Kalapuya,NA
Kurarg1,Kurtia argillacea OMC1749 v1.0,37148487,13652,,Kurtia,NA
Lacam2,Laccaria amethystina LaAM-08-1 v2.0,52581404,17553,"Kohler A et al., 2015",Laccaria,MD-Smooth
Lacbi81306_1,Laccaria bicolor 81306 v1.0,50950722,17791,,Laccaria,MD-Smooth
Lacbi55996_1,Laccaria bicolor CBS 559.96 v1.0,43460209,16977,,Laccaria,MD-Smooth
Lacbi59489_1,Laccaria bicolor CBS 594.89 v1.0,69983628,26800,,Laccaria,MD-Smooth
LacbiCham3_1,Laccaria bicolor Cham3 v1.0,44650607,16084,,Laccaria,MD-Smooth
LacbiD101_1,Laccaria bicolor D101 v1.0,70029479,22538,,Laccaria,MD-Smooth
LacbiDR170_1,Laccaria bicolor DR170 v1.0,79066865,24004,,Laccaria,MD-Smooth
LacbiN203_1,Laccaria bicolor N203 v1.0,69628581,21909,,Laccaria,MD-Smooth
Lacbi9312_2,Laccaria bicolor S238N 93.12 v1.1,96432810,25412,,Laccaria,MD-Smooth
LacbiS238N_1,Laccaria bicolor S238N v1.0,67655267,21724,,Laccaria,MD-Smooth
LacbiH53_1,Laccaria bicolor S238N-H53 v1.0,51780559,18468,,Laccaria,MD-Smooth
LacbiH70_1,Laccaria bicolor S238N-H70 v1.0,57049857,19903,,Laccaria,MD-Smooth
LacbiH82_1,Laccaria bicolor S238N-H82 v1.0,52023709,18706,,Laccaria,MD-Smooth
LacbiH82xH70_1,Laccaria bicolor S238N-H82xH70 v1.0,42115601,17045,,Laccaria,MD-Smooth
LacbiS238O_1,Laccaria bicolor S238O v1.0,57057526,17767,,Laccaria,MD-Smooth
Lacbi2,Laccaria bicolor v2.0,60707050,23130,"Martin F et al., 2008",Laccaria,MD-Smooth
LaccKIS6_1,Laccaria sp. KIS6 v1.0,165357910,38625,,Laccaria,MD-Smooth
Lacaka1,Lactarius akahatsu QP v1.0,80299772,12853,"Lebreton A et al., 2022",Lactarius,C
Laccon1,Lactarius controversus PMI44 v1.0,90370914,13305,,Lactarius,C
Lacdel1,Lactarius deliciosus 48 v1.0,96043985,18193,"Lebreton A et al., 2022",Lactarius,C
Lachat1,Lactarius hatsudake 109 v1.0,95486030,16831,"Lebreton A et al., 2022",Lactarius,C
Lachen1,Lactarius hengduanensis 84 v1.0,61963203,15957,"Lebreton A et al., 2022",Lactarius,C
Lacind1,Lactarius indigo 2018DUKE089 v1.0,90316074,16554,"Looney B et al., 2022",Lactarius,C
Lacpsa1,Lactarius psammicola BPL869 v1.0,69824043,13442,"Looney B et al., 2022",Lactarius,C
Lacpse1,Lactarius pseudohatsudake 88 v1.0,99708583,20824,"Lebreton A et al., 2022",Lactarius,C
Lacqui1,Lactarius quietus S23C v1.0,115901997,18943,"Miyauchi S et al., 2020",Lactarius,C
Lacsan1,Lactarius sanguifluus B21 v1.0,86240450,17481,"Lebreton A et al., 2022",Lactarius,C
Lactsubd1,Lactarius subdulcis FM v1.0,110449813,14533,,Lactarius,C
Lacviv1,Lactarius vividus 141 v1.0,69041955,11612,"Lebreton A et al., 2022",Lactarius,C
Lacsub1,Lactifluus cf. subvellereus BPL653 v1.0,44824221,12802,"Looney B et al., 2022",Lactifluus,NA
Lacvol1,Lactifluus cf. volemus BPL652 v1.0,62975844,14970,"Looney B et al., 2022",Lactifluus,NA
Lanmao1,Lanmaoa asiatica v1.0,46638294,14118,"Wu G et al., 2022",Lanmaoa,NA
Leuca1,Leucangium carthusianum GMNB180 v1.0,114191169,12369,,Leucangium,C
Matter1,Mattirolomyces terfezioides MAT_tt4AIII v1.0,50061460,10894,,Mattirolomyces,NA
Melbro1,Melanogaster broomeianus MBLB.BST v1.0,49614189,14167,"Miyauchi S et al., 2020",Melanogaster,LD
Melbi2,Meliniomyces bicolor E v2.0,82384847,18619,"Martino E et al., 2018",Meliniomyces,SD
MelPMI1271_1,Meliniomyces sp. PMI_1271 v1.0,62840624,17286,,Meliniomyces,SD
Melva1,Meliniomyces variabilis F v1.0,55857776,20389,"Martino E et al., 2018",Meliniomyces,SD
Morco1,Morchella importuna CCBAS932 v1.0,48213273,11600,"Murat C et al., 2018",Morchella,NA
Muloch1,Multifurca ochricompacta BPL690 v1.0,54697930,10514,"Looney B et al., 2022",Multifurca,NA
Oidma1,Oidiodendron maius Zn v1.0,46426256,16703,"Kohler A et al., 2015",Oidiodendron,NA
Paroc1,Paraglomus occultum DAOM 240472,44932488,9286,"Malar C M et al., 2022",Paraglomus,NA
Parsph2,Paragyrodon sphaerosporus FC442 v2.0,41914842,11162,,Paragyrodon,NA
Paxru2,Paxillus adelphus Ve08.2h10 v2.0,64458135,18999,"Kohler A et al., 2015",Paxillus,LD
Paxam1,Paxillus ammoniavirescens Pou09.2 v1.0,35762581,13473,"Miyauchi S et al., 2020",Paxillus,LD
Paxin1,Paxillus involutus ATCC 200175 v1.0,58301126,17968,"Kohler A et al., 2015",Paxillus,LD
Corgl3,Phlegmacium glaucopus AT 2004 276 v2.0,63450306,20377,"Miyauchi S et al., 2020",Phlegmacium,NA
Piclef1,Picoa lefebvrei Pl1701 v1.0,166305171,16310,,Picoa,NA
Pilbys1,Piloderma byssinum 4S31 v1.0,94846070,22629,,Piloderma,MD-Fringe
Pilcr1,Piloderma olivaceum F 1598 v1.0,59326866,21583,"Kohler A et al., 2015",Piloderma,MD-Fringe
Pilsph1,Piloderma sphaerosporum 354 v1.0,71854530,20118,,Piloderma,MD-Fringe
Pisalb1,Pisolithus albus SI12 v1.0,87748750,17029,"Plett JM et al., 2023",Pisolithus,LD
Piscap1,Pisolithus capsulifer 3163 v1.0,49780365,12849,,Pisolithus,LD
Pisthe227_1,Pisolithus croceorrhizus ssp. 2 72 v1.0,76507182,15058,"Plett JM et al., 2023",Pisolithus,LD
Piscro1,Pisolithus croceorrhizus subspA 74A v1.0,80714400,15799,"Plett JM et al., 2023",Pisolithus,LD
Pismar721_1,Pisolithus marmoratus 721 v1.0,77720273,17850,,Pisolithus,LD
Pismar1,Pisolithus marmoratus ssp. 2 16A v1.0,122384764,21754,"Plett JM et al., 2023",Pisolithus,LD
Pismi2,Pisolithus microcarpus 441 v2.0,77250852,16766,"Kohler A et al., 2015",Pisolithus,LD
Pisori2,Pisolithus orientalis OTSU v2.0,57997239,12203,"Plett JM et al., 2023",Pisolithus,LD
Pismi_AB1_1,Pisolithus sp. B1 v1.0,64705422,12451,"Plett JM et al., 2023",Pisolithus,LD
Pisthe1,Pisolithus thermaeus 11 v1.0,81921463,15712,"Plett JM et al., 2023",Pisolithus,LD
Pisti2,Pisolithus tinctorius Marx 270 v2.0,92528219,16924,"Kohler A et al., 2015",Pisolithus,LD
Piswes1,Pisolithus tympanobaculus R1 v1.0,98413041,17658,,Pisolithus,LD
Rhice1_1,Rhizophagus cerebriforme DAOM 227022 v1.0,136890557,21549,"Morin E et al., 2019",Rhizophagus,NA
Rhicl1,Rhizophagus clarus HR1,116418735,27761,"Kobayashi Y et al., 2018",Rhizophagus,NA
Rhidi1,Rhizophagus diaphanus v1.0,125876003,23252,"Morin E et al., 2019",Rhizophagus,NA
Rhiir4401_1,Rhizophagus irregularis 4401,146854905,20178,"Yildirir G et al., 2022",Rhizophagus,NA
RhiirA1_2,Rhizophagus irregularis A1 v2.0,147088061,20492,"Yildirir G et al., 2022",Rhizophagus,NA
RhiirA4,Rhizophagus irregularis A4 v1.0,138301208,25760,"Chen ECH et al., 2018",Rhizophagus,NA
RhiirA5,Rhizophagus irregularis A5 v1.0,131461109,26585,"Chen ECH et al., 2018",Rhizophagus,NA
RhiirB3_2,Rhizophagus irregularis B3 v2.0,146830121,20098,"Yildirir G et al., 2022",Rhizophagus,NA
RhiirC2_2,Rhizophagus irregularis C2,161924360,20735,"Yildirir G et al., 2022",Rhizophagus,NA
Gloin1,Rhizophagus irregularis DAOM 181602 v1.0,91083792,30282,"Tisserant E et al., 2013",Rhizophagus,NA
RhiirDAOM197198_2,Rhizophagus irregularis DAOM197198 v2.0,147209168,21599,"Yildirir G et al., 2022",Rhizophagus,NA
Rhisa1,Rhizopogon salebrosus TDB-379 v1.0,82288552,18900,,Rhizopogon,LD
Rhitru1,Rhizopogon truncatus FC74 v1.0,38907862,11852,,Rhizopogon,LD
Rhives1,Rhizopogon vesiculosus Smith,43809644,14218,"Mujic AB et al., 2017",Rhizopogon,LD
Rhivi1,Rhizopogon vinicolor AM-OR11-026 v1.0,36102320,14469,"Mujic AB et al., 2017",Rhizopogon,LD
Rhivul1,Rhizopogon vulgaris FC72 v1.0,39902050,11905,,Rhizopogon,LD
Rhier1,Rhizoscyphus ericae UAMH 7357 v1.0,57408471,16784,"Martino E et al., 2018",Rhizoscyphus,NA
Rusbre1,Russula brevipes BPL707 v1.0,48529157,14000,"Looney B et al., 2022",Russula,C
Ruscom1,Russula compacta BPL669 v1.0,45678814,10834,"Looney B et al., 2022",Russula,C
Rusdis1,Russula dissimulans BPL704 v1.0,44689478,11865,"Looney B et al., 2022",Russula,C
Rusear1,Russula earlei BPL698 v1.0,70012961,12153,"Looney B et al., 2022",Russula,C
Ruseme113_1,Russula emetica 2018DUKE113 v1.0,73758419,13473,,Russula,C
Ruseme1,Russula emetica P_ilba v1.0,55121418,13215,"Miyauchi S et al., 2020",Russula,C
Rusoch1,Russula ochroleuca P_ilba v1.0,44738512,12048,"Miyauchi S et al., 2020",Russula,C
Rusrug1,Russula rugulosa BPL654 v1.0,43452339,13281,"Looney B et al., 2022",Russula,C
Russem1,Russula seminuda PSC4341-TAS1 v1.0,42095537,10669,,Russula,C
Rusnee1,"Russula sp, TAS8 v1.0",71058637,13017,,Russula,C
RusKIS4_1_1,Russula sp. KIS4 v1.1,77376323,12813,,Russula,C
RusSA2_1,Russula sp. SA2 v1.0,72281534,11878,,Russula,C
Rusvin1,Russula vinacea BPL710 v1.0,43280073,12673,"Looney B et al., 2022",Russula,C
Sclci1,Scleroderma citrinum Foug A v1.0,56144862,21012,"Kohler A et al., 2015",Scleroderma,LD
Sclcihr1,Scleroderma citrinum hr. v1.0,77472219,10323,,Scleroderma,LD
Sclyun1,Scleroderma yunnanense jo. v1.0,45547305,10194,,Scleroderma,LD
Sebve1,Sebacina vermifera MAFF 305830 v1.0,38094242,15312,"Kohler A et al., 2015",Sebacina,SD
Ser400_1,Serendipita sp. 400 v1.0,38899175,10802,,Serendipita,C
Ser405_1,Serendipita sp. 405 v1.0,35358857,10849,,Serendipita,C
Serend1,Serendipita sp. 407 v1.0,40693196,10738,,Serendipita,C
Ser411_1,Serendipita sp. 411 v1.0,38487819,10821,,Serendipita,C
Sebvebe1,Serendipita vermifera ssp. bescii NFPB0129 v1.0,36850610,14208,,Serendipita,C
Sismus1,Sistotrema muscicola OMC 1658 v1.0,43671079,10463,,Sistotrema,MD-Fringe
Sphbr2,Sphaerosporella brunnea Sb_GMNB300 v2.0,51598955,12597,"Benucci GMN et al., 2019",Sphaerosporella,SD
Suiac1,Suillus acidus FC148 v1.0,57731579,17622,,Suillus,LD
Suiame1,Suillus americanus EM31 v1.0,50809076,17163,"Lofgren LA et al., 2021",Suillus,LD
Suiamp1,Suillus ampliporus FC55 v1.0,58334580,16527,"Lofgren LA et al., 2021",Suillus,LD
Suibov1,Suillus bovinus UH-Sbo-P2 v1.0,47496138,13537,"Lofgren LA et al., 2021",Suillus,LD
Suibr2,Suillus brevipes Sb2 v2.0,52027859,21458,"Branco S et al., 2015",Suillus,LD
Suibru1_1,Suillus brunnescens FC94 v1.1,90082639,19330,,Suillus,LD
Suisib1,Suillus cf. sibiricus RUI384 v1.0,106851732,21955,,Suillus,LD
Suisubl1,Suillus cf. subluteus FC464 v1.0,114207342,22673,"Lofgren LA et al., 2021",Suillus,LD
Suivari1,Suillus cf. variegatus FC465 v1.0,52286509,16059,,Suillus,LD
Suicli1,Suillus clintonianus FC179 v1.0,46838326,15530,"Lofgren LA et al., 2021",Suillus,LD
Suicol1,Suillus collinitus S28 v1.0,82814809,16625,,Suillus,LD
Suicot1,Suillus cothurnatus VC 1858 v1.0,94611779,19836,"Lofgren LA et al., 2021",Suillus,LD
Suidec1,Suillus decipiens EM49 v1.0,62784544,16894,"Lofgren LA et al., 2021",Suillus,LD
Suidis1,Suillus discolor FC423 v1.0,60609832,16510,"Lofgren LA et al., 2021",Suillus,LD
Suielb1,Suillus elbensis FC64 v1.0,49992238,16813,,Suillus,LD
Suifus1,Suillus fuscotomentosus FC203 v1.0,79655913,18512,"Lofgren LA et al., 2021",Suillus,LD
Suigla1,Suillus glandulosipes FC488 v1.0,97749994,21314,,Suillus,LD
Suigra1,Suillus granulatus S33 v1.0,38417259,12731,,Suillus,LD
Suigri1,Suillus grisellus FC184 v1.0,27163220,10170,,Suillus,LD
Suihi1,Suillus hirtellus EM16 v1.0,49942187,17067,"Lofgren LA et al., 2021",Suillus,LD
Suikai2,Suillus kaibabensis FC96 v2.0,49971042,13919,,Suillus,LD
Suilak1,Suillus lakei FC43 v1.0,79746074,19384,"Lofgren LA et al., 2021",Suillus,LD
Suisuba1,Suillus luteus 16.09.17.av07 v1.0,39232458,13348,,Suillus,LD
Suilu4,Suillus luteus UH-Slu-Lm8-n1 v3.0,44486502,16588,"Kohler A et al., 2015",Suillus,LD
Suiocc1,Suillus occidentalis FC124 v1.0,57963537,16030,"Lofgren LA et al., 2021",Suillus,LD
Suioch1,Suillus ochraceoroseus FC498 v1.0,71521688,17772,,Suillus,LD
Suipal1,Suillus paluster FC165 v1.0,61993750,16585,"Lofgren LA et al., 2021",Suillus,LD
Suipla1,Suillus placidus DOB743 v1.0,55323552,15123,"Lofgren LA et al., 2021",Suillus,LD
Suiplac1,Suillus placidus S07 v1.0,45943075,14550,,Suillus,LD
Suiplo1,Suillus plorans S12 v1.0,51861001,16402,"Lofgren LA et al., 2021",Suillus,LD
Suipse1,Suillus pseudogranulatus FC45 v1.0,53289868,13672,,Suillus,LD
Suipunc1,Suillus punctipes FC325 v1.0,48707271,14249,,Suillus,LD
Suipun1,Suillus pungens FC27 v1.0,35632633,12148,,Suillus,LD
Suqu222_1,Suillus quiescens AUS222 v1.0,34152517,11697,,Suillus,LD
Suilquie1,Suillus quiescens AUS223 v1.0,34515209,12072,,Suillus,LD
Suiqui1,Suillus quiescens FC197 v1.0,44533703,12066,,Suillus,LD
Suiqu1,Suillus quiescens FC198 v1.0,27113927,12014,,Suillus,LD
Suqu227_1,Suillus quiescens NZ227 v1.0,38947259,12070,,Suillus,LD
SuiFC429_1,Suillus sp. nov. FC429 v1.0,45274385,14111,,Suillus,LD
Suipic1,Suillus spraguei EM44 v1.0,87086403,19349,"Lofgren LA et al., 2021",Suillus,LD
Suisu1,Suillus subalutaceus FC151 v1.0,64971567,17080,"Lofgren LA et al., 2021",Suillus,LD
Suisub1,Suillus subaureus MN1 v1.0,57660940,15740,"Lofgren LA et al., 2021",Suillus,LD
Suitom1,Suillus tomentosus FC115 v1.0,53063458,17198,"Lofgren LA et al., 2021",Suillus,LD
Suivar1,Suillus variegatus UH-Sva-Z1 v1.0,64862609,17072,"Lofgren LA et al., 2021",Suillus,LD
Suivis2,Suillus viscidus S02 v2.0,74730232,22317,,Suillus,LD
Suigr1,Suillus weaverae EM37 v1.0,42341223,15802,"Lofgren LA et al., 2021",Suillus,LD
Terbo2,Terfezia boudieri ATCC MYA-4762 v1.1,63234573,12114,"Murat C et al., 2018",Terfezia,SD
Tercla1,Terfezia claveryi T7 v1.0,74471381,12765,"Miyauchi S et al., 2020",Terfezia,SD
Thega1,Thelephora ganbajun P2 v1.0,36335475,12643,"Miyauchi S et al., 2020",Thelephora,MD-Smooth
Theter1,Thelephora terrestris UH-Tt-Lm1 v1.0,40733037,13338,"Miyauchi S et al., 2020",Thelephora,MD-Smooth
Tirniv1,Tirmania nivea G3 v1.0,63133441,10591,"Miyauchi S et al., 2020",Tirmania,SD
Trima3,Tricholoma matsutake 945 v3.0,175759688,22885,"Miyauchi S et al., 2020",Tricholoma,LD
Tripop1,Tricholoma populinum 2016PMI031 v1.0,136995582,19692,,Tricholoma,LD
Trihyb1,Trichophaea hybrida UTF0779 v1.0,144183925,13308,"Miyauchi S et al., 2020",Trichophaea,SD
Trucit1_1,Truncocolumella citrina FC456 v1.1,59412228,17048,,Truncocolumella,MD-Smooth
Tubae1,Tuber aestivum var. urcinatum v1.0,144718305,9344,"Murat C et al., 2018",Tuber,C
Tubbor1,Tuber borchii Tbo3840 v1.0,97184993,12346,"Murat C et al., 2018",Tuber,C
Tubbr1_1,Tuber brumale v1.0,171435277,12382,"Morin E et al., 2021",Tuber,C
Tubcan1,Tuber canaliculatum GB_Tcana1 v1.0,119018764,13111,,Tuber,C
Tubgib1,Tuber gibbosum GB_Tgibb2 v1.0,73833505,10490,,Tuber,C
Tubin1_1,Tuber indicum v1.0,110494569,11872,"Morin E et al., 2021",Tuber,C
Tubma1,Tuber magnatum v1.0,192781443,9433,"Murat C et al., 2018",Tuber,C
Tubme1v2,Tuber melanosporum Mel28 v1.2,124945702,10058,"Martin F et al., 2010",Tuber,C
Tubmel1,Tuber melosporum Tmelo v1.0,114195480,14017,,Tuber,C
Tubmes1,Tuber mesentericum Tmes4 v1.0,146226558,14712,,Tuber,C
Tulca1,Tulasnella calospora AL13/4D v1.0,62392858,19659,"Kohler A et al., 2015",Tulasnella,C
Tulcal1,Tulasnella calospora UAMH 9824 v1.0,70372952,17081,,Tulasnella,C
Tulinq1,Tulasnella inquilina UAMH 7632 v1.0,87139136,15519,,Tulasnella,C
Tulsp419_1,Tulasnella sp. 419 v1.0,56294012,13314,,Tulasnella,C
Tulsp425_1,Tulasnella sp. 425 v1.0,76594216,18652,,Tulasnella,C
Tulsp427_1,Tulasnella sp. 427 v1.0,56306249,13260,,Tulasnella,C
Wilmi1,Wilcoxina mikolae CBS 423.85 v1.0,117288895,13093,"Miyauchi S et al., 2020",Wilcoxina,SD
Xerba1,Xerocomus badius 84.06 v1.0,38390415,14938,"Miyauchi S et al., 2020",Xerocomus,LD